id,sku_no,name,class,subcategory_id,product_line,color,weight,stock_level,cost_price,list_price,reorder_threshold,created_date,modified_date
1,AR-5381,Adjustable Race,,,,,,1000,0.0,0.0,750,2018-01-25 10:01:36.827,2026-11-01 10:01:36.827
2,BA-8327,Bearing Ball,,,,,,1000,0.0,0.0,750,2016-12-04 10:01:36.827,2020-12-29 10:01:36.827
3,BE-2349,BB Ball Bearing,,,,,,800,0.0,0.0,600,2017-12-02 10:01:36.827,2026-08-11 10:01:36.827
4,BE-2908,Headset Ball Bearings,,,,,,800,0.0,0.0,600,2018-06-14 10:01:36.827,2021-10-18 10:01:36.827
316,BL-2036,Blade,,,,,,800,0.0,0.0,600,2019-02-19 10:01:36.827,2026-12-27 10:01:36.827
317,CA-5965,LL Crankarm,L ,,,Black,,500,0.0,0.0,375,2018-11-23 10:01:36.827,2027-05-20 10:01:36.827
318,CA-6738,ML Crankarm,M ,,,Black,,500,0.0,0.0,375,2017-03-21 10:01:36.827,2022-03-04 10:01:36.827
319,CA-7457,HL Crankarm,,,,Black,,500,0.0,0.0,375,2018-05-26 10:01:36.827,2027-05-24 10:01:36.827
320,CB-2903,Chainring Bolts,,,,Silver,,1000,0.0,0.0,750,2017-04-01 10:01:36.827,2021-06-17 10:01:36.827
321,CN-6137,Chainring Nut,,,,Silver,,1000,0.0,0.0,750,2018-09-05 10:01:36.827,2025-04-19 10:01:36.827
322,CR-7833,Chainring,,,,Black,,1000,0.0,0.0,750,2017-02-28 10:01:36.827,2021-03-08 10:01:36.827
323,CR-9981,Crown Race,,,,,,1000,0.0,0.0,750,2019-01-08 10:01:36.827,2027-02-14 10:01:36.827
324,CS-2812,Chain Stays,,,,,,1000,0.0,0.0,750,2019-05-09 10:01:36.827,2022-06-13 10:01:36.827
325,DC-8732,Decal 1,,,,,,1000,0.0,0.0,750,2018-05-26 10:01:36.827,2025-01-31 10:01:36.827
326,DC-9824,Decal 2,,,,,,1000,0.0,0.0,750,2017-08-10 10:01:36.827,2024-01-05 10:01:36.827
327,DT-2377,Down Tube,,,,,,800,0.0,0.0,600,2017-11-30 10:01:36.827,2026-02-20 10:01:36.827
328,EC-M092,Mountain End Caps,,,,,,1000,0.0,0.0,750,2017-03-21 10:01:36.827,2023-03-24 10:01:36.827
329,EC-R098,Road End Caps,,,,,,1000,0.0,0.0,750,2018-08-14 10:01:36.827,2022-02-17 10:01:36.827
330,EC-T209,Touring End Caps,,,,,,1000,0.0,0.0,750,2017-12-11 10:01:36.827,2023-02-08 10:01:36.827
331,FE-3760,Fork End,,,,,,800,0.0,0.0,600,2017-02-16 10:01:36.827,2024-12-25 10:01:36.827
332,FH-2981,Freewheel,,,,Silver,,500,0.0,0.0,375,2019-05-31 10:01:36.827,2024-09-29 10:01:36.827
341,FW-1000,Flat Washer 1,,,,,,1000,0.0,0.0,750,2018-12-04 10:01:36.827,2023-07-07 10:01:36.827
342,FW-1200,Flat Washer 6,,,,,,1000,0.0,0.0,750,2018-01-10 10:01:36.827,2025-01-23 10:01:36.827
343,FW-1400,Flat Washer 2,,,,,,1000,0.0,0.0,750,2019-02-27 10:01:36.827,2019-12-27 10:01:36.827
344,FW-3400,Flat Washer 9,,,,,,1000,0.0,0.0,750,2019-07-26 10:01:36.827,2022-06-30 10:01:36.827
345,FW-3800,Flat Washer 4,,,,,,1000,0.0,0.0,750,2017-02-22 10:01:36.827,2025-11-17 10:01:36.827
346,FW-5160,Flat Washer 3,,,,,,1000,0.0,0.0,750,2017-11-20 10:01:36.827,2021-05-22 10:01:36.827
347,FW-5800,Flat Washer 8,,,,,,1000,0.0,0.0,750,2019-06-22 10:01:36.827,2022-09-02 10:01:36.827
348,FW-7160,Flat Washer 5,,,,,,1000,0.0,0.0,750,2017-01-26 10:01:36.827,2024-12-16 10:01:36.827
349,FW-9160,Flat Washer 7,,,,,,1000,0.0,0.0,750,2017-11-13 10:01:36.827,2021-06-02 10:01:36.827
350,FC-3654,Fork Crown,,,,,,800,0.0,0.0,600,2019-07-21 10:01:36.827,2019-12-10 10:01:36.827
351,FC-3982,Front Derailleur Cage,,,,Silver,,800,0.0,0.0,600,2019-02-20 10:01:36.827,2021-12-23 10:01:36.827
352,FL-2301,Front Derailleur Linkage,,,,Silver,,800,0.0,0.0,600,2019-06-29 10:01:36.827,2022-03-10 10:01:36.827
355,GP-0982,Guide Pulley,,,,,,800,0.0,0.0,600,2017-04-23 10:01:36.827,2027-03-15 10:01:36.827
356,GT-0820,LL Grip Tape,L ,,,,,800,0.0,0.0,600,2018-07-05 10:01:36.827,2027-04-22 10:01:36.827
357,GT-1209,ML Grip Tape,M ,,,,,800,0.0,0.0,600,2017-12-01 10:01:36.827,2020-11-06 10:01:36.827
358,GT-2908,HL Grip Tape,,,,,,800,0.0,0.0,600,2019-06-04 10:01:36.827,2022-03-12 10:01:36.827
359,HJ-1213,Thin-Jam Hex Nut 9,,,,,,1000,0.0,0.0,750,2017-10-06 10:01:36.827,2024-01-03 10:01:36.827
360,HJ-1220,Thin-Jam Hex Nut 10,,,,,,1000,0.0,0.0,750,2018-07-21 10:01:36.827,2027-10-05 10:01:36.827
361,HJ-1420,Thin-Jam Hex Nut 1,,,,,,1000,0.0,0.0,750,2018-05-26 10:01:36.827,2026-02-17 10:01:36.827
362,HJ-1428,Thin-Jam Hex Nut 2,,,,,,1000,0.0,0.0,750,2017-02-27 10:01:36.827,2020-11-18 10:01:36.827
363,HJ-3410,Thin-Jam Hex Nut 15,,,,,,1000,0.0,0.0,750,2017-09-03 10:01:36.827,2027-05-26 10:01:36.827
364,HJ-3416,Thin-Jam Hex Nut 16,,,,,,1000,0.0,0.0,750,2018-08-14 10:01:36.827,2025-02-26 10:01:36.827
365,HJ-3816,Thin-Jam Hex Nut 5,,,,,,1000,0.0,0.0,750,2018-12-27 10:01:36.827,2025-06-17 10:01:36.827
366,HJ-3824,Thin-Jam Hex Nut 6,,,,,,1000,0.0,0.0,750,2018-06-19 10:01:36.827,2022-12-22 10:01:36.827
367,HJ-5161,Thin-Jam Hex Nut 3,,,,,,1000,0.0,0.0,750,2016-12-26 10:01:36.827,2019-09-29 10:01:36.827
368,HJ-5162,Thin-Jam Hex Nut 4,,,,,,1000,0.0,0.0,750,2018-08-26 10:01:36.827,2023-09-06 10:01:36.827
369,HJ-5811,Thin-Jam Hex Nut 13,,,,,,1000,0.0,0.0,750,2019-06-28 10:01:36.827,2024-12-15 10:01:36.827
370,HJ-5818,Thin-Jam Hex Nut 14,,,,,,1000,0.0,0.0,750,2017-12-21 10:01:36.827,2020-08-03 10:01:36.827
371,HJ-7161,Thin-Jam Hex Nut 7,,,,,,1000,0.0,0.0,750,2017-07-07 10:01:36.827,2026-07-03 10:01:36.827
372,HJ-7162,Thin-Jam Hex Nut 8,,,,,,1000,0.0,0.0,750,2018-12-20 10:01:36.827,2021-01-27 10:01:36.827
373,HJ-9080,Thin-Jam Hex Nut 12,,,,,,1000,0.0,0.0,750,2019-06-29 10:01:36.827,2027-09-04 10:01:36.827
374,HJ-9161,Thin-Jam Hex Nut 11,,,,,,1000,0.0,0.0,750,2019-02-18 10:01:36.827,2024-08-21 10:01:36.827
375,HN-1024,Hex Nut 5,,,,,,1000,0.0,0.0,750,2017-06-23 10:01:36.827,2021-10-26 10:01:36.827
376,HN-1032,Hex Nut 6,,,,,,1000,0.0,0.0,750,2017-10-13 10:01:36.827,2023-03-25 10:01:36.827
377,HN-1213,Hex Nut 16,,,,,,1000,0.0,0.0,750,2018-10-16 10:01:36.827,2026-01-21 10:01:36.827
378,HN-1220,Hex Nut 17,,,,,,1000,0.0,0.0,750,2017-09-11 10:01:36.827,2023-09-20 10:01:36.827
379,HN-1224,Hex Nut 7,,,,,,1000,0.0,0.0,750,2018-06-14 10:01:36.827,2025-11-02 10:01:36.827
380,HN-1420,Hex Nut 8,,,,,,1000,0.0,0.0,750,2017-05-18 10:01:36.827,2023-06-01 10:01:36.827
381,HN-1428,Hex Nut 9,,,,,,1000,0.0,0.0,750,2017-01-15 10:01:36.827,2021-04-04 10:01:36.827
382,HN-3410,Hex Nut 22,,,,,,1000,0.0,0.0,750,2018-09-22 10:01:36.827,2022-09-09 10:01:36.827
383,HN-3416,Hex Nut 23,,,,,,1000,0.0,0.0,750,2017-12-18 10:01:36.827,2020-12-23 10:01:36.827
384,HN-3816,Hex Nut 12,,,,,,1000,0.0,0.0,750,2017-07-02 10:01:36.827,2022-01-19 10:01:36.827
385,HN-3824,Hex Nut 13,,,,,,1000,0.0,0.0,750,2016-12-01 10:01:36.827,2024-10-06 10:01:36.827
386,HN-4402,Hex Nut 1,,,,,,1000,0.0,0.0,750,2019-06-29 10:01:36.827,2021-01-20 10:01:36.827
387,HN-5161,Hex Nut 10,,,,,,1000,0.0,0.0,750,2019-01-08 10:01:36.827,2025-02-22 10:01:36.827
388,HN-5162,Hex Nut 11,,,,,,1000,0.0,0.0,750,2019-02-09 10:01:36.827,2025-03-16 10:01:36.827
389,HN-5400,Hex Nut 2,,,,,,1000,0.0,0.0,750,2017-01-01 10:01:36.827,2024-04-07 10:01:36.827
390,HN-5811,Hex Nut 20,,,,,,1000,0.0,0.0,750,2018-12-20 10:01:36.827,2020-08-09 10:01:36.827
391,HN-5818,Hex Nut 21,,,,,,1000,0.0,0.0,750,2018-01-02 10:01:36.827,2025-04-29 10:01:36.827
392,HN-6320,Hex Nut 3,,,,,,1000,0.0,0.0,750,2018-02-18 10:01:36.827,2024-02-19 10:01:36.827
393,HN-7161,Hex Nut 14,,,,,,1000,0.0,0.0,750,2018-08-08 10:01:36.827,2022-06-27 10:01:36.827
394,HN-7162,Hex Nut 15,,,,,,1000,0.0,0.0,750,2019-07-29 10:01:36.827,2021-11-04 10:01:36.827
395,HN-8320,Hex Nut 4,,,,,,1000,0.0,0.0,750,2018-10-17 10:01:36.827,2023-06-09 10:01:36.827
396,HN-9161,Hex Nut 18,,,,,,1000,0.0,0.0,750,2016-12-04 10:01:36.827,2022-05-09 10:01:36.827
397,HN-9168,Hex Nut 19,,,,,,1000,0.0,0.0,750,2018-04-05 10:01:36.827,2025-03-24 10:01:36.827
398,HT-2981,Handlebar Tube,,,,,,800,0.0,0.0,600,2016-12-15 10:01:36.827,2023-02-09 10:01:36.827
399,HT-8019,Head Tube,,,,,,800,0.0,0.0,600,2018-10-10 10:01:36.827,2020-07-27 10:01:36.827
400,HU-6280,LL Hub,L ,,,,,500,0.0,0.0,375,2018-07-13 10:01:36.827,2020-03-01 10:01:36.827
401,HU-8998,HL Hub,,,,,,500,0.0,0.0,375,2018-06-02 10:01:36.827,2026-03-02 10:01:36.827
402,KW-4091,Keyed Washer,,,,,,1000,0.0,0.0,750,2016-11-24 10:01:36.827,2019-11-29 10:01:36.827
403,LE-1000,External Lock Washer 3,,,,,,1000,0.0,0.0,750,2019-07-17 10:01:36.827,2023-03-19 10:01:36.827
404,LE-1200,External Lock Washer 4,,,,,,1000,0.0,0.0,750,2017-03-09 10:01:36.827,2022-10-29 10:01:36.827
405,LE-1201,External Lock Washer 9,,,,,,1000,0.0,0.0,750,2017-06-29 10:01:36.827,2022-06-24 10:01:36.827
406,LE-1400,External Lock Washer 5,,,,,,1000,0.0,0.0,750,2018-12-30 10:01:36.827,2023-02-02 10:01:36.827
407,LE-3800,External Lock Washer 7,,,,,,1000,0.0,0.0,750,2017-11-18 10:01:36.827,2025-01-26 10:01:36.827
408,LE-5160,External Lock Washer 6,,,,,,1000,0.0,0.0,750,2018-10-06 10:01:36.827,2020-05-16 10:01:36.827
409,LE-6000,External Lock Washer 1,,,,,,1000,0.0,0.0,750,2018-02-03 10:01:36.827,2022-11-01 10:01:36.827
410,LE-7160,External Lock Washer 8,,,,,,1000,0.0,0.0,750,2018-06-30 10:01:36.827,2026-11-13 10:01:36.827
411,LE-8000,External Lock Washer 2,,,,,,1000,0.0,0.0,750,2017-01-08 10:01:36.827,2019-12-13 10:01:36.827
412,LI-1000,Internal Lock Washer 3,,,,,,1000,0.0,0.0,750,2017-12-22 10:01:36.827,2022-12-29 10:01:36.827
413,LI-1200,Internal Lock Washer 4,,,,,,1000,0.0,0.0,750,2018-07-13 10:01:36.827,2024-06-27 10:01:36.827
414,LI-1201,Internal Lock Washer 9,,,,,,1000,0.0,0.0,750,2017-08-09 10:01:36.827,2024-12-21 10:01:36.827
415,LI-1400,Internal Lock Washer 5,,,,,,1000,0.0,0.0,750,2018-12-30 10:01:36.827,2026-09-11 10:01:36.827
416,LI-3800,Internal Lock Washer 7,,,,,,1000,0.0,0.0,750,2018-06-07 10:01:36.827,2019-10-14 10:01:36.827
417,LI-5160,Internal Lock Washer 6,,,,,,1000,0.0,0.0,750,2017-10-25 10:01:36.827,2026-12-07 10:01:36.827
418,LI-5800,Internal Lock Washer 10,,,,,,1000,0.0,0.0,750,2019-04-12 10:01:36.827,2025-02-19 10:01:36.827
419,LI-6000,Internal Lock Washer 1,,,,,,1000,0.0,0.0,750,2018-09-03 10:01:36.827,2024-05-28 10:01:36.827
420,LI-7160,Internal Lock Washer 8,,,,,,1000,0.0,0.0,750,2019-02-10 10:01:36.827,2024-08-11 10:01:36.827
421,LI-8000,Internal Lock Washer 2,,,,,,1000,0.0,0.0,750,2017-09-21 10:01:36.827,2023-01-30 10:01:36.827
422,LJ-1213,Thin-Jam Lock Nut 9,,,,,,1000,0.0,0.0,750,2017-08-28 10:01:36.827,2024-02-08 10:01:36.827
423,LJ-1220,Thin-Jam Lock Nut 10,,,,,,1000,0.0,0.0,750,2017-10-19 10:01:36.827,2020-02-12 10:01:36.827
424,LJ-1420,Thin-Jam Lock Nut 1,,,,,,1000,0.0,0.0,750,2018-06-08 10:01:36.827,2026-09-21 10:01:36.827
425,LJ-1428,Thin-Jam Lock Nut 2,,,,,,1000,0.0,0.0,750,2017-12-20 10:01:36.827,2022-02-24 10:01:36.827
426,LJ-3410,Thin-Jam Lock Nut 15,,,,,,1000,0.0,0.0,750,2017-02-14 10:01:36.827,2019-11-20 10:01:36.827
427,LJ-3416,Thin-Jam Lock Nut 16,,,,,,1000,0.0,0.0,750,2019-04-30 10:01:36.827,2023-08-17 10:01:36.827
428,LJ-3816,Thin-Jam Lock Nut 5,,,,,,1000,0.0,0.0,750,2017-06-25 10:01:36.827,2025-09-04 10:01:36.827
429,LJ-3824,Thin-Jam Lock Nut 6,,,,,,1000,0.0,0.0,750,2017-10-22 10:01:36.827,2019-09-04 10:01:36.827
430,LJ-5161,Thin-Jam Lock Nut 3,,,,,,1000,0.0,0.0,750,2017-06-07 10:01:36.827,2023-09-11 10:01:36.827
431,LJ-5162,Thin-Jam Lock Nut 4,,,,,,1000,0.0,0.0,750,2019-06-01 10:01:36.827,2025-06-10 10:01:36.827
432,LJ-5811,Thin-Jam Lock Nut 13,,,,,,1000,0.0,0.0,750,2018-08-02 10:01:36.827,2023-03-25 10:01:36.827
433,LJ-5818,Thin-Jam Lock Nut 14,,,,,,1000,0.0,0.0,750,2018-02-23 10:01:36.827,2021-01-22 10:01:36.827
434,LJ-7161,Thin-Jam Lock Nut 7,,,,,,1000,0.0,0.0,750,2017-10-01 10:01:36.827,2022-12-14 10:01:36.827
435,LJ-7162,Thin-Jam Lock Nut 8,,,,,,1000,0.0,0.0,750,2018-01-09 10:01:36.827,2022-07-08 10:01:36.827
436,LJ-9080,Thin-Jam Lock Nut 12,,,,,,1000,0.0,0.0,750,2017-08-07 10:01:36.827,2022-08-02 10:01:36.827
437,LJ-9161,Thin-Jam Lock Nut 11,,,,,,1000,0.0,0.0,750,2016-12-26 10:01:36.827,2025-09-03 10:01:36.827
438,LN-1024,Lock Nut 5,,,,,,1000,0.0,0.0,750,2017-10-04 10:01:36.827,2024-06-29 10:01:36.827
439,LN-1032,Lock Nut 6,,,,,,1000,0.0,0.0,750,2017-02-14 10:01:36.827,2024-04-29 10:01:36.827
440,LN-1213,Lock Nut 16,,,,,,1000,0.0,0.0,750,2017-07-15 10:01:36.827,2026-06-04 10:01:36.827
441,LN-1220,Lock Nut 17,,,,,,1000,0.0,0.0,750,2018-12-14 10:01:36.827,2021-09-29 10:01:36.827
442,LN-1224,Lock Nut 7,,,,,,1000,0.0,0.0,750,2018-12-19 10:01:36.827,2022-11-15 10:01:36.827
443,LN-1420,Lock Nut 8,,,,,,1000,0.0,0.0,750,2018-11-23 10:01:36.827,2024-03-26 10:01:36.827
444,LN-1428,Lock Nut 9,,,,,,1000,0.0,0.0,750,2019-02-01 10:01:36.827,2023-11-26 10:01:36.827
445,LN-3410,Lock Nut 22,,,,,,1000,0.0,0.0,750,2017-10-08 10:01:36.827,2024-11-17 10:01:36.827
446,LN-3416,Lock Nut 23,,,,,,1000,0.0,0.0,750,2018-11-14 10:01:36.827,2024-04-18 10:01:36.827
447,LN-3816,Lock Nut 12,,,,,,1000,0.0,0.0,750,2017-03-25 10:01:36.827,2021-09-28 10:01:36.827
448,LN-3824,Lock Nut 13,,,,,,1000,0.0,0.0,750,2017-05-30 10:01:36.827,2021-06-24 10:01:36.827
449,LN-4400,Lock Nut 1,,,,,,1000,0.0,0.0,750,2018-10-11 10:01:36.827,2025-07-11 10:01:36.827
450,LN-5161,Lock Nut 10,,,,,,1000,0.0,0.0,750,2019-01-15 10:01:36.827,2020-12-25 10:01:36.827
451,LN-5162,Lock Nut 11,,,,,,1000,0.0,0.0,750,2018-04-22 10:01:36.827,2023-01-24 10:01:36.827
452,LN-5400,Lock Nut 2,,,,,,1000,0.0,0.0,750,2019-02-22 10:01:36.827,2022-07-13 10:01:36.827
453,LN-5811,Lock Nut 20,,,,,,1000,0.0,0.0,750,2017-03-05 10:01:36.827,2027-01-02 10:01:36.827
454,LN-5818,Lock Nut 21,,,,,,1000,0.0,0.0,750,2017-10-07 10:01:36.827,2025-08-16 10:01:36.827
455,LN-6320,Lock Nut 3,,,,,,1000,0.0,0.0,750,2017-04-26 10:01:36.827,2022-09-18 10:01:36.827
456,LN-7161,Lock Nut 14,,,,,,1000,0.0,0.0,750,2017-04-15 10:01:36.827,2023-01-11 10:01:36.827
457,LN-7162,Lock Nut 15,,,,,,1000,0.0,0.0,750,2019-04-20 10:01:36.827,2020-06-27 10:01:36.827
458,LN-8320,Lock Nut 4,,,,,,1000,0.0,0.0,750,2018-03-17 10:01:36.827,2025-03-20 10:01:36.827
459,LN-9080,Lock Nut 19,,,,,,1000,0.0,0.0,750,2018-06-03 10:01:36.827,2022-12-12 10:01:36.827
460,LN-9161,Lock Nut 18,,,,,,1000,0.0,0.0,750,2017-12-16 10:01:36.827,2022-05-12 10:01:36.827
461,LR-2398,Lock Ring,,,,Silver,,1000,0.0,0.0,750,2018-05-14 10:01:36.827,2027-09-16 10:01:36.827
462,LR-8520,Lower Head Race,,,,,,1000,0.0,0.0,750,2017-01-16 10:01:36.827,2022-11-02 10:01:36.827
463,LW-1000,Lock Washer 4,,,,,,1000,0.0,0.0,750,2019-01-11 10:01:36.827,2024-07-19 10:01:36.827
464,LW-1200,Lock Washer 5,,,,,,1000,0.0,0.0,750,2019-02-13 10:01:36.827,2026-01-24 10:01:36.827
465,LW-1201,Lock Washer 10,,,,,,1000,0.0,0.0,750,2017-12-25 10:01:36.827,2024-05-17 10:01:36.827
466,LW-1400,Lock Washer 6,,,,,,1000,0.0,0.0,750,2019-04-11 10:01:36.827,2021-03-13 10:01:36.827
467,LW-3400,Lock Washer 13,,,,,,1000,0.0,0.0,750,2019-04-15 10:01:36.827,2024-05-15 10:01:36.827
468,LW-3800,Lock Washer 8,,,,,,1000,0.0,0.0,750,2018-09-02 10:01:36.827,2023-08-24 10:01:36.827
469,LW-4000,Lock Washer 1,,,,,,1000,0.0,0.0,750,2017-01-27 10:01:36.827,2026-12-16 10:01:36.827
470,LW-5160,Lock Washer 7,,,,,,1000,0.0,0.0,750,2019-05-07 10:01:36.827,2021-08-29 10:01:36.827
471,LW-5800,Lock Washer 12,,,,,,1000,0.0,0.0,750,2019-03-01 10:01:36.827,2026-06-23 10:01:36.827
472,LW-6000,Lock Washer 2,,,,,,1000,0.0,0.0,750,2019-08-01 10:01:36.827,2026-05-10 10:01:36.827
473,LW-7160,Lock Washer 9,,,,,,1000,0.0,0.0,750,2019-06-12 10:01:36.827,2022-09-26 10:01:36.827
474,LW-8000,Lock Washer 3,,,,,,1000,0.0,0.0,750,2017-06-06 10:01:36.827,2024-11-29 10:01:36.827
475,LW-9160,Lock Washer 11,,,,,,1000,0.0,0.0,750,2019-07-21 10:01:36.827,2025-11-09 10:01:36.827
476,MA-7075,Metal Angle,,,,,,1000,0.0,0.0,750,2018-02-25 10:01:36.827,2023-05-07 10:01:36.827
477,MB-2024,Metal Bar 1,,,,,,1000,0.0,0.0,750,2017-12-07 10:01:36.827,2027-01-07 10:01:36.827
478,MB-6061,Metal Bar 2,,,,,,1000,0.0,0.0,750,2018-05-25 10:01:36.827,2021-02-13 10:01:36.827
479,MP-2066,Metal Plate 2,,,,,,1000,0.0,0.0,750,2018-10-13 10:01:36.827,2021-10-19 10:01:36.827
480,MP-2503,Metal Plate 1,,,,,,1000,0.0,0.0,750,2018-09-27 10:01:36.827,2023-07-04 10:01:36.827
481,MP-4960,Metal Plate 3,,,,,,1000,0.0,0.0,750,2019-04-06 10:01:36.827,2026-12-23 10:01:36.827
482,MS-0253,Metal Sheet 2,,,,,,1000,0.0,0.0,750,2017-01-06 10:01:36.827,2021-02-04 10:01:36.827
483,MS-1256,Metal Sheet 3,,,,,,1000,0.0,0.0,750,2017-08-29 10:01:36.827,2025-05-21 10:01:36.827
484,MS-1981,Metal Sheet 7,,,,,,1000,0.0,0.0,750,2018-08-26 10:01:36.827,2026-02-08 10:01:36.827
485,MS-2259,Metal Sheet 4,,,,,,1000,0.0,0.0,750,2019-04-04 10:01:36.827,2021-01-04 10:01:36.827
486,MS-2341,Metal Sheet 5,,,,,,1000,0.0,0.0,750,2017-05-08 10:01:36.827,2026-11-04 10:01:36.827
487,MS-2348,Metal Sheet 6,,,,,,1000,0.0,0.0,750,2018-06-27 10:01:36.827,2020-02-12 10:01:36.827
488,MS-6061,Metal Sheet 1,,,,,,1000,0.0,0.0,750,2018-06-28 10:01:36.827,2025-07-03 10:01:36.827
489,MT-1000,Metal Tread Plate,,,,,,1000,0.0,0.0,750,2019-05-31 10:01:36.827,2027-10-03 10:01:36.827
490,NI-4127,LL Nipple,L ,,,,,1000,0.0,0.0,750,2018-08-15 10:01:36.827,2022-12-28 10:01:36.827
491,NI-9522,HL Nipple,,,,,,1000,0.0,0.0,750,2018-08-26 10:01:36.827,2025-03-31 10:01:36.827
492,PA-187B,Paint - Black,,,,,,60,0.0,0.0,45,2019-07-23 10:01:36.827,2022-04-13 10:01:36.827
493,PA-361R,Paint - Red,,,,,,60,0.0,0.0,45,2019-05-25 10:01:36.827,2021-08-06 10:01:36.827
494,PA-529S,Paint - Silver,,,,,,60,0.0,0.0,45,2019-02-10 10:01:36.827,2024-11-06 10:01:36.827
495,PA-632U,Paint - Blue,,,,,,60,0.0,0.0,45,2016-12-01 10:01:36.827,2022-10-09 10:01:36.827
496,PA-823Y,Paint - Yellow,,,,,,60,0.0,0.0,45,2017-10-17 10:01:36.827,2024-02-05 10:01:36.827
497,PB-6109,Pinch Bolt,,,,,,1000,0.0,0.0,750,2019-02-12 10:01:36.827,2024-05-31 10:01:36.827
504,RA-2345,Cup-Shaped Race,,,,,,1000,0.0,0.0,750,2016-11-14 10:01:36.827,2026-11-06 10:01:36.827
505,RA-7490,Cone-Shaped Race,,,,,,1000,0.0,0.0,750,2017-09-19 10:01:36.827,2020-07-23 10:01:36.827
506,RF-9198,Reflector,,,,,,1000,0.0,0.0,750,2018-06-27 10:01:36.827,2024-07-11 10:01:36.827
507,RM-M464,LL Mountain Rim,L ,,,,435.0,800,0.0,0.0,600,2019-03-09 10:01:36.827,2022-11-01 10:01:36.827
508,RM-M692,ML Mountain Rim,M ,,,,450.0,800,0.0,0.0,600,2019-01-29 10:01:36.827,2025-10-17 10:01:36.827
509,RM-M823,HL Mountain Rim,,,,,400.0,800,0.0,0.0,600,2018-07-19 10:01:36.827,2027-05-20 10:01:36.827
510,RM-R436,LL Road Rim,L ,,,,445.0,800,0.0,0.0,600,2018-06-24 10:01:36.827,2022-02-08 10:01:36.827
511,RM-R600,ML Road Rim,M ,,,,450.0,800,0.0,0.0,600,2017-08-18 10:01:36.827,2022-05-29 10:01:36.827
512,RM-R800,HL Road Rim,,,,,400.0,800,0.0,0.0,600,2018-12-17 10:01:36.827,2024-06-28 10:01:36.827
513,RM-T801,Touring Rim,,,,,460.0,800,0.0,0.0,600,2018-03-05 10:01:36.827,2022-12-13 10:01:36.827
514,SA-M198,LL Mountain Seat Assembly,L ,,,,,500,98.77,133.34,375,2017-10-19 10:01:36.827,2021-03-06 10:01:36.827
515,SA-M237,ML Mountain Seat Assembly,M ,,,,,500,108.99,147.14,375,2019-06-01 10:01:36.827,2025-02-07 10:01:36.827
516,SA-M687,HL Mountain Seat Assembly,,,,,,500,145.87,196.92,375,2018-01-13 10:01:36.827,2024-10-16 10:01:36.827
517,SA-R127,LL Road Seat Assembly,L ,,,,,500,98.77,133.34,375,2017-03-10 10:01:36.827,2025-03-29 10:01:36.827
518,SA-R430,ML Road Seat Assembly,M ,,,,,500,108.99,147.14,375,2018-07-23 10:01:36.827,2023-04-07 10:01:36.827
519,SA-R522,HL Road Seat Assembly,,,,,,500,145.87,196.92,375,2017-10-25 10:01:36.827,2020-10-21 10:01:36.827
520,SA-T467,LL Touring Seat Assembly,L ,,,,,500,98.77,133.34,375,2017-03-25 10:01:36.827,2020-03-07 10:01:36.827
521,SA-T612,ML Touring Seat Assembly,M ,,,,,500,108.99,147.14,375,2017-01-21 10:01:36.827,2020-01-07 10:01:36.827
522,SA-T872,HL Touring Seat Assembly,,,,,,500,145.87,196.92,375,2017-12-08 10:01:36.827,2025-06-14 10:01:36.827
523,SD-2342,LL Spindle/Axle,L ,,,,,500,0.0,0.0,375,2018-09-27 10:01:36.827,2021-07-02 10:01:36.827
524,SD-9872,HL Spindle/Axle,,,,,,500,0.0,0.0,375,2017-06-23 10:01:36.827,2022-12-06 10:01:36.827
525,SH-4562,LL Shell,L ,,,,,800,0.0,0.0,600,2019-01-29 10:01:36.827,2025-06-27 10:01:36.827
526,SH-9312,HL Shell,,,,,,800,0.0,0.0,600,2017-05-24 10:01:36.827,2027-07-24 10:01:36.827
527,SK-9283,Spokes,,,,,,1000,0.0,0.0,750,2018-07-08 10:01:36.827,2025-10-20 10:01:36.827
528,SL-0931,Seat Lug,,,,,,1000,0.0,0.0,750,2017-02-17 10:01:36.827,2023-03-22 10:01:36.827
529,SM-9087,Stem,,,,,,500,0.0,0.0,375,2019-01-23 10:01:36.827,2022-04-02 10:01:36.827
530,SP-2981,Seat Post,,,,,,500,0.0,0.0,375,2017-05-04 10:01:36.827,2027-08-03 10:01:36.827
531,SR-2098,Steerer,,,,,,500,0.0,0.0,375,2016-12-15 10:01:36.827,2020-06-25 10:01:36.827
532,SS-2985,Seat Stays,,,,,,800,0.0,0.0,600,2018-01-20 10:01:36.827,2020-11-05 10:01:36.827
533,ST-9828,Seat Tube,,,,,,500,0.0,0.0,375,2018-08-28 10:01:36.827,2022-09-15 10:01:36.827
534,TO-2301,Top Tube,,,,,,500,0.0,0.0,375,2018-09-27 10:01:36.827,2021-06-15 10:01:36.827
535,TP-0923,Tension Pulley,,,,,,800,0.0,0.0,600,2017-07-12 10:01:36.827,2019-10-20 10:01:36.827
679,RC-0291,Rear Derailleur Cage,,,,Silver,,500,0.0,0.0,375,2017-07-30 10:01:36.827,2023-06-29 10:01:36.827
680,FR-R92B-58,"HL Road Frame - Black, 58",H ,14.0,R ,Black,2.24,500,1059.31,1431.5,375,2017-05-05 10:01:36.827,2025-07-25 10:01:36.827
706,FR-R92R-58,"HL Road Frame - Red, 58",H ,14.0,R ,Red,2.24,500,1059.31,1431.5,375,2017-03-18 10:01:36.827,2024-08-06 10:01:36.827
707,HL-U509-R,"Sport-100 Helmet, Red",,31.0,S ,Red,,4,13.0863,34.99,3,2018-09-30 10:01:36.827,2020-09-08 10:01:36.827
708,HL-U509,"Sport-100 Helmet, Black",,31.0,S ,Black,,4,13.0863,34.99,3,2017-09-25 10:01:36.827,2025-09-08 10:01:36.827
709,SO-B909-M,"Mountain Bike Socks, M",,23.0,M ,White,,4,3.3963,9.5,3,2018-02-27 10:01:36.827,2020-04-21 10:01:36.827
710,SO-B909-L,"Mountain Bike Socks, L",,23.0,M ,White,,4,3.3963,9.5,3,2018-04-01 10:01:36.827,2023-04-17 10:01:36.827
711,HL-U509-B,"Sport-100 Helmet, Blue",,31.0,S ,Blue,,4,13.0863,34.99,3,2017-01-13 10:01:36.827,2021-11-12 10:01:36.827
712,CA-1098,AWC Logo Cap,,19.0,S ,Multi,,4,6.9223,8.99,3,2017-05-20 10:01:36.827,2020-10-22 10:01:36.827
713,LJ-0192-S,"Long-Sleeve Logo Jersey, S",,21.0,S ,Multi,,4,38.4923,49.99,3,2017-07-28 10:01:36.827,2026-09-21 10:01:36.827
714,LJ-0192-M,"Long-Sleeve Logo Jersey, M",,21.0,S ,Multi,,4,38.4923,49.99,3,2019-07-10 10:01:36.827,2023-10-06 10:01:36.827
715,LJ-0192-L,"Long-Sleeve Logo Jersey, L",,21.0,S ,Multi,,4,38.4923,49.99,3,2017-09-09 10:01:36.827,2024-07-21 10:01:36.827
716,LJ-0192-X,"Long-Sleeve Logo Jersey, XL",,21.0,S ,Multi,,4,38.4923,49.99,3,2018-08-02 10:01:36.827,2026-06-25 10:01:36.827
717,FR-R92R-62,"HL Road Frame - Red, 62",H ,14.0,R ,Red,2.3,500,868.6342,1431.5,375,2016-12-10 10:01:36.827,2019-10-25 10:01:36.827
718,FR-R92R-44,"HL Road Frame - Red, 44",H ,14.0,R ,Red,2.12,500,868.6342,1431.5,375,2019-04-02 10:01:36.827,2023-09-21 10:01:36.827
719,FR-R92R-48,"HL Road Frame - Red, 48",H ,14.0,R ,Red,2.16,500,868.6342,1431.5,375,2017-06-07 10:01:36.827,2021-11-14 10:01:36.827
720,FR-R92R-52,"HL Road Frame - Red, 52",H ,14.0,R ,Red,2.2,500,868.6342,1431.5,375,2019-05-11 10:01:36.827,2026-04-22 10:01:36.827
721,FR-R92R-56,"HL Road Frame - Red, 56",H ,14.0,R ,Red,2.24,500,868.6342,1431.5,375,2017-05-25 10:01:36.827,2021-12-08 10:01:36.827
722,FR-R38B-58,"LL Road Frame - Black, 58",L ,14.0,R ,Black,2.46,500,204.6251,337.22,375,2018-01-06 10:01:36.827,2025-02-27 10:01:36.827
723,FR-R38B-60,"LL Road Frame - Black, 60",L ,14.0,R ,Black,2.48,500,204.6251,337.22,375,2016-12-20 10:01:36.827,2024-04-02 10:01:36.827
724,FR-R38B-62,"LL Road Frame - Black, 62",L ,14.0,R ,Black,2.5,500,204.6251,337.22,375,2019-03-14 10:01:36.827,2023-07-11 10:01:36.827
725,FR-R38R-44,"LL Road Frame - Red, 44",L ,14.0,R ,Red,2.32,500,187.1571,337.22,375,2018-10-14 10:01:36.827,2022-04-08 10:01:36.827
726,FR-R38R-48,"LL Road Frame - Red, 48",L ,14.0,R ,Red,2.36,500,187.1571,337.22,375,2019-01-29 10:01:36.827,2024-04-21 10:01:36.827
727,FR-R38R-52,"LL Road Frame - Red, 52",L ,14.0,R ,Red,2.4,500,187.1571,337.22,375,2018-01-24 10:01:36.827,2027-05-23 10:01:36.827
728,FR-R38R-58,"LL Road Frame - Red, 58",L ,14.0,R ,Red,2.46,500,187.1571,337.22,375,2018-06-22 10:01:36.827,2023-06-07 10:01:36.827
729,FR-R38R-60,"LL Road Frame - Red, 60",L ,14.0,R ,Red,2.48,500,187.1571,337.22,375,2018-04-26 10:01:36.827,2022-04-26 10:01:36.827
730,FR-R38R-62,"LL Road Frame - Red, 62",L ,14.0,R ,Red,2.5,500,187.1571,337.22,375,2017-02-14 10:01:36.827,2027-05-18 10:01:36.827
731,FR-R72R-44,"ML Road Frame - Red, 44",M ,14.0,R ,Red,2.22,500,352.1394,594.83,375,2017-07-08 10:01:36.827,2021-01-12 10:01:36.827
732,FR-R72R-48,"ML Road Frame - Red, 48",M ,14.0,R ,Red,2.26,500,352.1394,594.83,375,2018-12-22 10:01:36.827,2024-12-08 10:01:36.827
733,FR-R72R-52,"ML Road Frame - Red, 52",M ,14.0,R ,Red,2.3,500,352.1394,594.83,375,2018-02-05 10:01:36.827,2020-08-04 10:01:36.827
734,FR-R72R-58,"ML Road Frame - Red, 58",M ,14.0,R ,Red,2.36,500,352.1394,594.83,375,2019-06-24 10:01:36.827,2026-10-09 10:01:36.827
735,FR-R72R-60,"ML Road Frame - Red, 60",M ,14.0,R ,Red,2.38,500,352.1394,594.83,375,2019-07-21 10:01:36.827,2025-07-30 10:01:36.827
736,FR-R38B-44,"LL Road Frame - Black, 44",L ,14.0,R ,Black,2.32,500,204.6251,337.22,375,2017-11-23 10:01:36.827,2023-07-27 10:01:36.827
737,FR-R38B-48,"LL Road Frame - Black, 48",L ,14.0,R ,Black,2.36,500,204.6251,337.22,375,2016-11-27 10:01:36.827,2025-01-07 10:01:36.827
738,FR-R38B-52,"LL Road Frame - Black, 52",L ,14.0,R ,Black,2.4,500,204.6251,337.22,375,2018-08-17 10:01:36.827,2027-08-04 10:01:36.827
739,FR-M94S-42,"HL Mountain Frame - Silver, 42",H ,12.0,M ,Silver,2.72,500,747.2002,1364.5,375,2016-12-03 10:01:36.827,2021-05-12 10:01:36.827
740,FR-M94S-44,"HL Mountain Frame - Silver, 44",H ,12.0,M ,Silver,2.76,500,706.811,1364.5,375,2017-10-08 10:01:36.827,2025-12-25 10:01:36.827
741,FR-M94S-52,"HL Mountain Frame - Silver, 48",H ,12.0,M ,Silver,2.8,500,706.811,1364.5,375,2018-10-08 10:01:36.827,2022-07-21 10:01:36.827
742,FR-M94S-46,"HL Mountain Frame - Silver, 46",H ,12.0,M ,Silver,2.84,500,747.2002,1364.5,375,2017-11-01 10:01:36.827,2026-01-17 10:01:36.827
743,FR-M94B-42,"HL Mountain Frame - Black, 42",H ,12.0,M ,Black,2.72,500,739.041,1349.6,375,2017-08-07 10:01:36.827,2022-03-16 10:01:36.827
744,FR-M94B-44,"HL Mountain Frame - Black, 44",H ,12.0,M ,Black,2.76,500,699.0928,1349.6,375,2017-11-14 10:01:36.827,2020-04-28 10:01:36.827
745,FR-M94B-48,"HL Mountain Frame - Black, 48",H ,12.0,M ,Black,2.8,500,699.0928,1349.6,375,2019-05-07 10:01:36.827,2025-08-04 10:01:36.827
746,FR-M94B-46,"HL Mountain Frame - Black, 46",H ,12.0,M ,Black,2.84,500,739.041,1349.6,375,2018-03-23 10:01:36.827,2022-01-23 10:01:36.827
747,FR-M94B-38,"HL Mountain Frame - Black, 38",H ,12.0,M ,Black,2.68,500,739.041,1349.6,375,2018-05-30 10:01:36.827,2022-03-12 10:01:36.827
748,FR-M94S-38,"HL Mountain Frame - Silver, 38",H ,12.0,M ,Silver,2.68,500,747.2002,1364.5,375,2019-03-27 10:01:36.827,2025-07-24 10:01:36.827
749,BK-R93R-62,"Road-150 Red, 62",H ,2.0,R ,Red,15.0,100,2171.2942,3578.27,75,2018-06-02 10:01:36.827,2026-07-09 10:01:36.827
750,BK-R93R-44,"Road-150 Red, 44",H ,2.0,R ,Red,13.77,100,2171.2942,3578.27,75,2018-07-20 10:01:36.827,2024-08-29 10:01:36.827
751,BK-R93R-48,"Road-150 Red, 48",H ,2.0,R ,Red,14.13,100,2171.2942,3578.27,75,2018-08-18 10:01:36.827,2025-09-03 10:01:36.827
752,BK-R93R-52,"Road-150 Red, 52",H ,2.0,R ,Red,14.42,100,2171.2942,3578.27,75,2019-06-05 10:01:36.827,2027-07-05 10:01:36.827
753,BK-R93R-56,"Road-150 Red, 56",H ,2.0,R ,Red,14.68,100,2171.2942,3578.27,75,2018-11-08 10:01:36.827,2026-02-02 10:01:36.827
754,BK-R68R-58,"Road-450 Red, 58",M ,2.0,R ,Red,17.79,100,884.7083,1457.99,75,2017-12-19 10:01:36.827,2019-10-22 10:01:36.827
755,BK-R68R-60,"Road-450 Red, 60",M ,2.0,R ,Red,17.9,100,884.7083,1457.99,75,2018-02-15 10:01:36.827,2020-12-15 10:01:36.827
756,BK-R68R-44,"Road-450 Red, 44",M ,2.0,R ,Red,16.77,100,884.7083,1457.99,75,2019-02-05 10:01:36.827,2027-05-24 10:01:36.827
757,BK-R68R-48,"Road-450 Red, 48",M ,2.0,R ,Red,17.13,100,884.7083,1457.99,75,2017-12-18 10:01:36.827,2024-06-28 10:01:36.827
758,BK-R68R-52,"Road-450 Red, 52",M ,2.0,R ,Red,17.42,100,884.7083,1457.99,75,2017-06-21 10:01:36.827,2025-09-19 10:01:36.827
759,BK-R50R-58,"Road-650 Red, 58",L ,2.0,R ,Red,19.79,100,486.7066,782.99,75,2018-12-20 10:01:36.827,2019-09-11 10:01:36.827
760,BK-R50R-60,"Road-650 Red, 60",L ,2.0,R ,Red,19.9,100,486.7066,782.99,75,2018-08-04 10:01:36.827,2023-10-13 10:01:36.827
761,BK-R50R-62,"Road-650 Red, 62",L ,2.0,R ,Red,20.0,100,486.7066,782.99,75,2019-01-11 10:01:36.827,2024-03-18 10:01:36.827
762,BK-R50R-44,"Road-650 Red, 44",L ,2.0,R ,Red,18.77,100,486.7066,782.99,75,2018-10-07 10:01:36.827,2022-04-14 10:01:36.827
763,BK-R50R-48,"Road-650 Red, 48",L ,2.0,R ,Red,19.13,100,486.7066,782.99,75,2019-07-20 10:01:36.827,2025-11-14 10:01:36.827
764,BK-R50R-52,"Road-650 Red, 52",L ,2.0,R ,Red,19.42,100,486.7066,782.99,75,2017-06-10 10:01:36.827,2023-05-02 10:01:36.827
765,BK-R50B-58,"Road-650 Black, 58",L ,2.0,R ,Black,19.79,100,486.7066,782.99,75,2018-12-06 10:01:36.827,2020-10-12 10:01:36.827
766,BK-R50B-60,"Road-650 Black, 60",L ,2.0,R ,Black,19.9,100,486.7066,782.99,75,2018-10-02 10:01:36.827,2026-02-26 10:01:36.827
767,BK-R50B-62,"Road-650 Black, 62",L ,2.0,R ,Black,20.0,100,486.7066,782.99,75,2019-06-11 10:01:36.827,2024-11-30 10:01:36.827
768,BK-R50B-44,"Road-650 Black, 44",L ,2.0,R ,Black,18.77,100,486.7066,782.99,75,2019-02-03 10:01:36.827,2022-10-26 10:01:36.827
769,BK-R50B-48,"Road-650 Black, 48",L ,2.0,R ,Black,19.13,100,486.7066,782.99,75,2018-10-28 10:01:36.827,2022-04-20 10:01:36.827
770,BK-R50B-52,"Road-650 Black, 52",L ,2.0,R ,Black,19.42,100,486.7066,782.99,75,2019-06-26 10:01:36.827,2026-11-03 10:01:36.827
771,BK-M82S-38,"Mountain-100 Silver, 38",H ,1.0,M ,Silver,20.35,100,1912.1544,3399.99,75,2019-01-28 10:01:36.827,2022-07-26 10:01:36.827
772,BK-M82S-42,"Mountain-100 Silver, 42",H ,1.0,M ,Silver,20.77,100,1912.1544,3399.99,75,2017-09-09 10:01:36.827,2024-07-20 10:01:36.827
773,BK-M82S-44,"Mountain-100 Silver, 44",H ,1.0,M ,Silver,21.13,100,1912.1544,3399.99,75,2018-07-15 10:01:36.827,2024-03-08 10:01:36.827
774,BK-M82S-48,"Mountain-100 Silver, 48",H ,1.0,M ,Silver,21.42,100,1912.1544,3399.99,75,2019-07-06 10:01:36.827,2026-02-19 10:01:36.827
775,BK-M82B-38,"Mountain-100 Black, 38",H ,1.0,M ,Black,20.35,100,1898.0944,3374.99,75,2017-01-04 10:01:36.827,2024-09-16 10:01:36.827
776,BK-M82B-42,"Mountain-100 Black, 42",H ,1.0,M ,Black,20.77,100,1898.0944,3374.99,75,2017-03-11 10:01:36.827,2021-07-09 10:01:36.827
777,BK-M82B-44,"Mountain-100 Black, 44",H ,1.0,M ,Black,21.13,100,1898.0944,3374.99,75,2017-02-04 10:01:36.827,2021-07-21 10:01:36.827
778,BK-M82B-48,"Mountain-100 Black, 48",H ,1.0,M ,Black,21.42,100,1898.0944,3374.99,75,2018-04-08 10:01:36.827,2020-03-04 10:01:36.827
779,BK-M68S-38,"Mountain-200 Silver, 38",H ,1.0,M ,Silver,23.35,100,1265.6195,2319.99,75,2019-07-22 10:01:36.827,2021-08-05 10:01:36.827
780,BK-M68S-42,"Mountain-200 Silver, 42",H ,1.0,M ,Silver,23.77,100,1265.6195,2319.99,75,2019-04-10 10:01:36.827,2025-08-05 10:01:36.827
781,BK-M68S-46,"Mountain-200 Silver, 46",H ,1.0,M ,Silver,24.13,100,1265.6195,2319.99,75,2019-01-12 10:01:36.827,2020-01-16 10:01:36.827
782,BK-M68B-38,"Mountain-200 Black, 38",H ,1.0,M ,Black,23.35,100,1251.9813,2294.99,75,2019-04-19 10:01:36.827,2020-06-16 10:01:36.827
783,BK-M68B-42,"Mountain-200 Black, 42",H ,1.0,M ,Black,23.77,100,1251.9813,2294.99,75,2017-05-20 10:01:36.827,2021-12-06 10:01:36.827
784,BK-M68B-46,"Mountain-200 Black, 46",H ,1.0,M ,Black,24.13,100,1251.9813,2294.99,75,2019-06-19 10:01:36.827,2026-01-04 10:01:36.827
785,BK-M47B-38,"Mountain-300 Black, 38",M ,1.0,M ,Black,25.35,100,598.4354,1079.99,75,2017-11-08 10:01:36.827,2024-04-30 10:01:36.827
786,BK-M47B-40,"Mountain-300 Black, 40",M ,1.0,M ,Black,25.77,100,598.4354,1079.99,75,2017-12-17 10:01:36.827,2022-07-16 10:01:36.827
787,BK-M47B-44,"Mountain-300 Black, 44",M ,1.0,M ,Black,26.13,100,598.4354,1079.99,75,2018-02-25 10:01:36.827,2021-10-23 10:01:36.827
788,BK-M47B-48,"Mountain-300 Black, 48",M ,1.0,M ,Black,26.42,100,598.4354,1079.99,75,2017-12-07 10:01:36.827,2025-04-19 10:01:36.827
789,BK-R89R-44,"Road-250 Red, 44",H ,2.0,R ,Red,14.77,100,1518.7864,2443.35,75,2016-11-20 10:01:36.827,2021-02-06 10:01:36.827
790,BK-R89R-48,"Road-250 Red, 48",H ,2.0,R ,Red,15.13,100,1518.7864,2443.35,75,2018-02-01 10:01:36.827,2023-07-31 10:01:36.827
791,BK-R89R-52,"Road-250 Red, 52",H ,2.0,R ,Red,15.42,100,1518.7864,2443.35,75,2017-06-15 10:01:36.827,2026-09-29 10:01:36.827
792,BK-R89R-58,"Road-250 Red, 58",H ,2.0,R ,Red,15.79,100,1554.9479,2443.35,75,2018-05-27 10:01:36.827,2026-01-31 10:01:36.827
793,BK-R89B-44,"Road-250 Black, 44",H ,2.0,R ,Black,14.77,100,1554.9479,2443.35,75,2016-11-11 10:01:36.827,2020-03-12 10:01:36.827
794,BK-R89B-48,"Road-250 Black, 48",H ,2.0,R ,Black,15.13,100,1554.9479,2443.35,75,2019-03-29 10:01:36.827,2027-04-30 10:01:36.827
795,BK-R89B-52,"Road-250 Black, 52",H ,2.0,R ,Black,15.42,100,1554.9479,2443.35,75,2017-12-26 10:01:36.827,2026-06-02 10:01:36.827
796,BK-R89B-58,"Road-250 Black, 58",H ,2.0,R ,Black,15.68,100,1554.9479,2443.35,75,2017-10-28 10:01:36.827,2019-10-31 10:01:36.827
797,BK-R64Y-38,"Road-550-W Yellow, 38",M ,2.0,R ,Yellow,17.35,100,713.0798,1120.49,75,2017-02-18 10:01:36.827,2020-06-24 10:01:36.827
798,BK-R64Y-40,"Road-550-W Yellow, 40",M ,2.0,R ,Yellow,17.77,100,713.0798,1120.49,75,2017-08-20 10:01:36.827,2025-05-02 10:01:36.827
799,BK-R64Y-42,"Road-550-W Yellow, 42",M ,2.0,R ,Yellow,18.13,100,713.0798,1120.49,75,2019-04-26 10:01:36.827,2021-07-04 10:01:36.827
800,BK-R64Y-44,"Road-550-W Yellow, 44",M ,2.0,R ,Yellow,18.42,100,713.0798,1120.49,75,2017-12-25 10:01:36.827,2020-05-28 10:01:36.827
801,BK-R64Y-48,"Road-550-W Yellow, 48",M ,2.0,R ,Yellow,18.68,100,713.0798,1120.49,75,2019-03-07 10:01:36.827,2027-09-30 10:01:36.827
802,FK-1639,LL Fork,L ,10.0,,,,500,65.8097,148.22,375,2017-12-22 10:01:36.827,2024-02-24 10:01:36.827
803,FK-5136,ML Fork,M ,10.0,,,,500,77.9176,175.49,375,2017-05-15 10:01:36.827,2026-07-29 10:01:36.827
804,FK-9939,HL Fork,H ,10.0,,,,500,101.8936,229.49,375,2018-11-01 10:01:36.827,2019-12-02 10:01:36.827
805,HS-0296,LL Headset,L ,11.0,,,,500,15.1848,34.2,375,2019-06-14 10:01:36.827,2027-06-27 10:01:36.827
806,HS-2451,ML Headset,M ,11.0,,,,500,45.4168,102.29,375,2018-03-10 10:01:36.827,2023-06-22 10:01:36.827
807,HS-3479,HL Headset,H ,11.0,,,,500,55.3801,124.73,375,2018-10-06 10:01:36.827,2020-03-25 10:01:36.827
808,HB-M243,LL Mountain Handlebars,L ,4.0,M ,,,500,19.7758,44.54,375,2017-12-21 10:01:36.827,2021-06-16 10:01:36.827
809,HB-M763,ML Mountain Handlebars,M ,4.0,M ,,,500,27.4925,61.92,375,2017-02-28 10:01:36.827,2025-10-06 10:01:36.827
810,HB-M918,HL Mountain Handlebars,H ,4.0,M ,,,500,53.3999,120.27,375,2018-03-10 10:01:36.827,2027-09-13 10:01:36.827
811,HB-R504,LL Road Handlebars,L ,4.0,R ,,,500,19.7758,44.54,375,2018-04-19 10:01:36.827,2025-03-30 10:01:36.827
812,HB-R720,ML Road Handlebars,M ,4.0,R ,,,500,27.4925,61.92,375,2019-04-25 10:01:36.827,2025-10-21 10:01:36.827
813,HB-R956,HL Road Handlebars,H ,4.0,R ,,,500,53.3999,120.27,375,2017-07-22 10:01:36.827,2023-10-11 10:01:36.827
814,FR-M63B-38,"ML Mountain Frame - Black, 38",M ,12.0,M ,Black,2.73,500,185.8193,348.76,375,2017-06-04 10:01:36.827,2021-04-24 10:01:36.827
815,FW-M423,LL Mountain Front Wheel,L ,17.0,M ,Black,,500,26.9708,60.745,375,2017-11-25 10:01:36.827,2023-11-27 10:01:36.827
816,FW-M762,ML Mountain Front Wheel,M ,17.0,M ,Black,,500,92.8071,209.025,375,2016-12-19 10:01:36.827,2026-01-08 10:01:36.827
817,FW-M928,HL Mountain Front Wheel,H ,17.0,M ,Black,,500,133.2955,300.215,375,2019-03-06 10:01:36.827,2020-05-09 10:01:36.827
818,FW-R623,LL Road Front Wheel,L ,17.0,R ,Black,900.0,500,37.9909,85.565,375,2019-05-25 10:01:36.827,2021-10-11 10:01:36.827
819,FW-R762,ML Road Front Wheel,M ,17.0,R ,Black,850.0,500,110.2829,248.385,375,2018-04-11 10:01:36.827,2021-10-28 10:01:36.827
820,FW-R820,HL Road Front Wheel,H ,17.0,R ,Black,650.0,500,146.5466,330.06,375,2019-06-04 10:01:36.827,2023-01-09 10:01:36.827
821,FW-T905,Touring Front Wheel,,17.0,T ,Black,,500,96.7964,218.01,375,2018-07-22 10:01:36.827,2026-04-11 10:01:36.827
822,FR-R72Y-38,"ML Road Frame-W - Yellow, 38",M ,14.0,R ,Yellow,2.18,500,360.9428,594.83,375,2018-01-03 10:01:36.827,2026-08-04 10:01:36.827
823,RW-M423,LL Mountain Rear Wheel,L ,17.0,M ,Black,,500,38.9588,87.745,375,2019-03-20 10:01:36.827,2025-04-25 10:01:36.827
824,RW-M762,ML Mountain Rear Wheel,M ,17.0,M ,Black,,500,104.7951,236.025,375,2019-04-28 10:01:36.827,2020-02-27 10:01:36.827
825,RW-M928,HL Mountain Rear Wheel,H ,17.0,M ,Black,,500,145.2835,327.215,375,2019-07-01 10:01:36.827,2024-12-19 10:01:36.827
826,RW-R623,LL Road Rear Wheel,L ,17.0,R ,Black,1050.0,500,49.9789,112.565,375,2016-12-26 10:01:36.827,2020-08-20 10:01:36.827
827,RW-R762,ML Road Rear Wheel,M ,17.0,R ,Black,1000.0,500,122.2709,275.385,375,2018-07-01 10:01:36.827,2020-02-22 10:01:36.827
828,RW-R820,HL Road Rear Wheel,H ,17.0,R ,Black,890.0,500,158.5346,357.06,375,2019-07-12 10:01:36.827,2023-02-13 10:01:36.827
829,RW-T905,Touring Rear Wheel,,17.0,T ,Black,,500,108.7844,245.01,375,2018-05-23 10:01:36.827,2027-04-29 10:01:36.827
830,FR-M63B-40,"ML Mountain Frame - Black, 40",M ,12.0,M ,Black,2.77,500,185.8193,348.76,375,2019-05-21 10:01:36.827,2027-03-30 10:01:36.827
831,FR-M63B-44,"ML Mountain Frame - Black, 44",M ,12.0,M ,Black,2.81,500,185.8193,348.76,375,2017-06-13 10:01:36.827,2025-02-28 10:01:36.827
832,FR-M63B-48,"ML Mountain Frame - Black, 48",M ,12.0,M ,Black,2.85,500,185.8193,348.76,375,2017-03-27 10:01:36.827,2026-04-02 10:01:36.827
833,FR-R72Y-40,"ML Road Frame-W - Yellow, 40",M ,14.0,R ,Yellow,2.22,500,360.9428,594.83,375,2017-03-03 10:01:36.827,2021-06-03 10:01:36.827
834,FR-R72Y-42,"ML Road Frame-W - Yellow, 42",M ,14.0,R ,Yellow,2.26,500,360.9428,594.83,375,2017-05-23 10:01:36.827,2021-02-26 10:01:36.827
835,FR-R72Y-44,"ML Road Frame-W - Yellow, 44",M ,14.0,R ,Yellow,2.3,500,360.9428,594.83,375,2017-10-21 10:01:36.827,2022-09-14 10:01:36.827
836,FR-R72Y-48,"ML Road Frame-W - Yellow, 48",M ,14.0,R ,Yellow,2.34,500,360.9428,594.83,375,2018-10-16 10:01:36.827,2021-10-24 10:01:36.827
837,FR-R92B-62,"HL Road Frame - Black, 62",H ,14.0,R ,Black,2.3,500,868.6342,1431.5,375,2019-01-21 10:01:36.827,2027-01-29 10:01:36.827
838,FR-R92B-44,"HL Road Frame - Black, 44",H ,14.0,R ,Black,2.12,500,868.6342,1431.5,375,2018-08-14 10:01:36.827,2021-05-14 10:01:36.827
839,FR-R92B-48,"HL Road Frame - Black, 48",H ,14.0,R ,Black,2.16,500,868.6342,1431.5,375,2018-05-03 10:01:36.827,2024-04-08 10:01:36.827
840,FR-R92B-52,"HL Road Frame - Black, 52",H ,14.0,R ,Black,2.2,500,868.6342,1431.5,375,2017-09-04 10:01:36.827,2022-12-04 10:01:36.827
841,SH-M897-S,"Men's Sports Shorts, S",,22.0,S ,Black,,4,24.7459,59.99,3,2017-01-29 10:01:36.827,2021-06-06 10:01:36.827
842,PA-T100,"Touring-Panniers, Large",,35.0,T ,Grey,,4,51.5625,125.0,3,2016-11-17 10:01:36.827,2022-04-29 10:01:36.827
843,LO-C100,Cable Lock,,34.0,S ,,,4,10.3125,25.0,3,2016-11-04 10:01:36.827,2021-10-19 10:01:36.827
844,PU-0452,Minipump,,36.0,S ,,,4,8.2459,19.99,3,2017-07-18 10:01:36.827,2025-03-08 10:01:36.827
845,PU-M044,Mountain Pump,,36.0,M ,,,4,10.3084,24.99,3,2018-01-15 10:01:36.827,2019-11-19 10:01:36.827
846,LT-T990,Taillights - Battery-Powered,,33.0,R ,,,4,5.7709,13.99,3,2017-09-24 10:01:36.827,2026-09-20 10:01:36.827
847,LT-H902,Headlights - Dual-Beam,,33.0,R ,,,4,14.4334,34.99,3,2019-02-27 10:01:36.827,2025-03-13 10:01:36.827
848,LT-H903,Headlights - Weatherproof,,33.0,R ,,,4,18.5584,44.99,3,2017-01-14 10:01:36.827,2019-09-04 10:01:36.827
849,SH-M897-M,"Men's Sports Shorts, M",,22.0,S ,Black,,4,24.7459,59.99,3,2017-04-15 10:01:36.827,2019-11-04 10:01:36.827
850,SH-M897-L,"Men's Sports Shorts, L",,22.0,S ,Black,,4,24.7459,59.99,3,2017-02-16 10:01:36.827,2022-03-29 10:01:36.827
851,SH-M897-X,"Men's Sports Shorts, XL",,22.0,S ,Black,,4,24.7459,59.99,3,2018-12-22 10:01:36.827,2019-11-24 10:01:36.827
852,TG-W091-S,"Women's Tights, S",,24.0,S ,Black,,4,30.9334,74.99,3,2019-03-19 10:01:36.827,2026-07-18 10:01:36.827
853,TG-W091-M,"Women's Tights, M",,24.0,S ,Black,,4,30.9334,74.99,3,2018-05-28 10:01:36.827,2026-06-18 10:01:36.827
854,TG-W091-L,"Women's Tights, L",,24.0,S ,Black,,4,30.9334,74.99,3,2017-12-27 10:01:36.827,2026-08-07 10:01:36.827
855,SB-M891-S,"Men's Bib-Shorts, S",,18.0,S ,Multi,,4,37.1209,89.99,3,2018-08-07 10:01:36.827,2019-10-20 10:01:36.827
856,SB-M891-M,"Men's Bib-Shorts, M",,18.0,S ,Multi,,4,37.1209,89.99,3,2017-09-11 10:01:36.827,2027-06-19 10:01:36.827
857,SB-M891-L,"Men's Bib-Shorts, L",,18.0,S ,Multi,,4,37.1209,89.99,3,2019-03-15 10:01:36.827,2025-09-16 10:01:36.827
858,GL-H102-S,"Half-Finger Gloves, S",,20.0,S ,Black,,4,9.1593,24.49,3,2018-12-22 10:01:36.827,2027-08-15 10:01:36.827
859,GL-H102-M,"Half-Finger Gloves, M",,20.0,S ,Black,,4,9.1593,24.49,3,2018-08-08 10:01:36.827,2019-12-26 10:01:36.827
860,GL-H102-L,"Half-Finger Gloves, L",,20.0,S ,Black,,4,9.1593,24.49,3,2018-12-09 10:01:36.827,2024-11-26 10:01:36.827
861,GL-F110-S,"Full-Finger Gloves, S",,20.0,M ,Black,,4,15.6709,37.99,3,2017-04-19 10:01:36.827,2025-01-26 10:01:36.827
862,GL-F110-M,"Full-Finger Gloves, M",,20.0,M ,Black,,4,15.6709,37.99,3,2018-10-21 10:01:36.827,2027-02-07 10:01:36.827
863,GL-F110-L,"Full-Finger Gloves, L",,20.0,M ,Black,,4,15.6709,37.99,3,2017-01-06 10:01:36.827,2019-08-29 10:01:36.827
864,VE-C304-S,"Classic Vest, S",,25.0,S ,Blue,,4,23.749,63.5,3,2019-02-05 10:01:36.827,2024-12-14 10:01:36.827
865,VE-C304-M,"Classic Vest, M",,25.0,S ,Blue,,4,23.749,63.5,3,2018-03-25 10:01:36.827,2022-12-18 10:01:36.827
866,VE-C304-L,"Classic Vest, L",,25.0,S ,Blue,,4,23.749,63.5,3,2018-06-25 10:01:36.827,2023-10-28 10:01:36.827
867,SH-W890-S,"Women's Mountain Shorts, S",,22.0,M ,Black,,4,26.1763,69.99,3,2018-03-12 10:01:36.827,2023-09-29 10:01:36.827
868,SH-W890-M,"Women's Mountain Shorts, M",,22.0,M ,Black,,4,26.1763,69.99,3,2018-12-18 10:01:36.827,2027-08-21 10:01:36.827
869,SH-W890-L,"Women's Mountain Shorts, L",,22.0,M ,Black,,4,26.1763,69.99,3,2017-06-19 10:01:36.827,2026-08-24 10:01:36.827
870,WB-H098,Water Bottle - 30 oz.,,28.0,S ,,,4,1.8663,4.99,3,2017-12-29 10:01:36.827,2024-11-16 10:01:36.827
871,BC-M005,Mountain Bottle Cage,,28.0,M ,,,4,3.7363,9.99,3,2018-11-12 10:01:36.827,2025-10-26 10:01:36.827
872,BC-R205,Road Bottle Cage,,28.0,R ,,,4,3.3623,8.99,3,2016-12-06 10:01:36.827,2026-04-17 10:01:36.827
873,PK-7098,Patch Kit/8 Patches,,37.0,S ,,,4,0.8565,2.29,3,2017-03-18 10:01:36.827,2024-01-30 10:01:36.827
874,SO-R809-M,"Racing Socks, M",,23.0,R ,White,,4,3.3623,8.99,3,2018-09-20 10:01:36.827,2020-11-09 10:01:36.827
875,SO-R809-L,"Racing Socks, L",,23.0,R ,White,,4,3.3623,8.99,3,2019-06-01 10:01:36.827,2022-08-08 10:01:36.827
876,RA-H123,Hitch Rack - 4-Bike,,26.0,S ,,,4,44.88,120.0,3,2018-09-18 10:01:36.827,2024-01-18 10:01:36.827
877,CL-9009,Bike Wash - Dissolver,,29.0,S ,,,4,2.9733,7.95,3,2016-11-26 10:01:36.827,2023-12-07 10:01:36.827
878,FE-6654,Fender Set - Mountain,,30.0,M ,,,4,8.2205,21.98,3,2016-12-03 10:01:36.827,2020-06-07 10:01:36.827
879,ST-1401,All-Purpose Bike Stand,,27.0,M ,,,4,59.466,159.0,3,2019-04-03 10:01:36.827,2019-08-06 10:01:36.827
880,HY-1023-70,Hydration Pack - 70 oz.,,32.0,S ,Silver,,4,20.5663,54.99,3,2019-06-08 10:01:36.827,2025-02-09 10:01:36.827
881,SJ-0194-S,"Short-Sleeve Classic Jersey, S",,21.0,S ,Yellow,,4,41.5723,53.99,3,2018-12-25 10:01:36.827,2024-10-09 10:01:36.827
882,SJ-0194-M,"Short-Sleeve Classic Jersey, M",,21.0,S ,Yellow,,4,41.5723,53.99,3,2017-01-15 10:01:36.827,2022-08-07 10:01:36.827
883,SJ-0194-L,"Short-Sleeve Classic Jersey, L",,21.0,S ,Yellow,,4,41.5723,53.99,3,2018-11-12 10:01:36.827,2025-09-04 10:01:36.827
884,SJ-0194-X,"Short-Sleeve Classic Jersey, XL",,21.0,S ,Yellow,,4,41.5723,53.99,3,2017-06-30 10:01:36.827,2024-09-23 10:01:36.827
885,FR-T98Y-60,"HL Touring Frame - Yellow, 60",H ,16.0,T ,Yellow,3.08,500,601.7437,1003.91,375,2019-05-12 10:01:36.827,2022-11-23 10:01:36.827
886,FR-T67Y-62,"LL Touring Frame - Yellow, 62",L ,16.0,T ,Yellow,3.2,500,199.8519,333.42,375,2018-04-26 10:01:36.827,2022-02-17 10:01:36.827
887,FR-T98Y-46,"HL Touring Frame - Yellow, 46",H ,16.0,T ,Yellow,2.96,500,601.7437,1003.91,375,2018-06-29 10:01:36.827,2027-07-21 10:01:36.827
888,FR-T98Y-50,"HL Touring Frame - Yellow, 50",H ,16.0,T ,Yellow,3.0,500,601.7437,1003.91,375,2017-09-22 10:01:36.827,2025-04-23 10:01:36.827
889,FR-T98Y-54,"HL Touring Frame - Yellow, 54",H ,16.0,T ,Yellow,3.04,500,601.7437,1003.91,375,2017-03-14 10:01:36.827,2027-02-14 10:01:36.827
890,FR-T98U-46,"HL Touring Frame - Blue, 46",H ,16.0,T ,Blue,2.96,500,601.7437,1003.91,375,2019-03-02 10:01:36.827,2023-03-03 10:01:36.827
891,FR-T98U-50,"HL Touring Frame - Blue, 50",H ,16.0,T ,Blue,3.0,500,601.7437,1003.91,375,2017-02-21 10:01:36.827,2027-10-17 10:01:36.827
892,FR-T98U-54,"HL Touring Frame - Blue, 54",H ,16.0,T ,Blue,3.04,500,601.7437,1003.91,375,2018-01-31 10:01:36.827,2022-11-04 10:01:36.827
893,FR-T98U-60,"HL Touring Frame - Blue, 60",H ,16.0,T ,Blue,3.08,500,601.7437,1003.91,375,2019-07-29 10:01:36.827,2026-10-18 10:01:36.827
894,RD-2308,Rear Derailleur,,9.0,,Silver,215.0,500,53.9282,121.46,375,2016-12-24 10:01:36.827,2020-09-09 10:01:36.827
895,FR-T67U-50,"LL Touring Frame - Blue, 50",L ,16.0,T ,Blue,3.1,500,199.8519,333.42,375,2018-11-01 10:01:36.827,2027-06-05 10:01:36.827
896,FR-T67U-54,"LL Touring Frame - Blue, 54",L ,16.0,T ,Blue,3.14,500,199.8519,333.42,375,2019-03-23 10:01:36.827,2020-07-15 10:01:36.827
897,FR-T67U-58,"LL Touring Frame - Blue, 58",L ,16.0,T ,Blue,3.16,500,199.8519,333.42,375,2018-07-26 10:01:36.827,2025-01-29 10:01:36.827
898,FR-T67U-62,"LL Touring Frame - Blue, 62",L ,16.0,T ,Blue,3.2,500,199.8519,333.42,375,2018-10-09 10:01:36.827,2026-06-27 10:01:36.827
899,FR-T67Y-44,"LL Touring Frame - Yellow, 44",L ,16.0,T ,Yellow,3.02,500,199.8519,333.42,375,2018-09-19 10:01:36.827,2022-07-15 10:01:36.827
900,FR-T67Y-50,"LL Touring Frame - Yellow, 50",L ,16.0,T ,Yellow,3.1,500,199.8519,333.42,375,2017-06-08 10:01:36.827,2024-09-29 10:01:36.827
901,FR-T67Y-54,"LL Touring Frame - Yellow, 54",L ,16.0,T ,Yellow,3.14,500,199.8519,333.42,375,2019-01-06 10:01:36.827,2023-07-11 10:01:36.827
902,FR-T67Y-58,"LL Touring Frame - Yellow, 58",L ,16.0,T ,Yellow,3.16,500,199.8519,333.42,375,2018-11-13 10:01:36.827,2022-02-17 10:01:36.827
903,FR-T67U-44,"LL Touring Frame - Blue, 44",L ,16.0,T ,Blue,3.02,500,199.8519,333.42,375,2017-08-22 10:01:36.827,2022-03-22 10:01:36.827
904,FR-M63S-40,"ML Mountain Frame-W - Silver, 40",M ,12.0,M ,Silver,2.77,500,199.3757,364.09,375,2017-11-28 10:01:36.827,2024-07-29 10:01:36.827
905,FR-M63S-42,"ML Mountain Frame-W - Silver, 42",M ,12.0,M ,Silver,2.81,500,199.3757,364.09,375,2017-02-18 10:01:36.827,2022-01-11 10:01:36.827
906,FR-M63S-46,"ML Mountain Frame-W - Silver, 46",M ,12.0,M ,Silver,2.85,500,199.3757,364.09,375,2017-10-19 10:01:36.827,2020-12-14 10:01:36.827
907,RB-9231,Rear Brakes,,6.0,,Silver,317.0,500,47.286,106.5,375,2018-09-28 10:01:36.827,2027-04-28 10:01:36.827
908,SE-M236,LL Mountain Seat/Saddle,L ,15.0,M ,,,500,12.0413,27.12,375,2018-05-04 10:01:36.827,2022-08-29 10:01:36.827
909,SE-M798,ML Mountain Seat/Saddle,M ,15.0,M ,,,500,17.3782,39.14,375,2018-08-12 10:01:36.827,2024-05-22 10:01:36.827
910,SE-M940,HL Mountain Seat/Saddle,H ,15.0,M ,,,500,23.3722,52.64,375,2017-04-13 10:01:36.827,2022-08-02 10:01:36.827
911,SE-R581,LL Road Seat/Saddle,L ,15.0,R ,,,500,12.0413,27.12,375,2017-11-15 10:01:36.827,2019-09-10 10:01:36.827
912,SE-R908,ML Road Seat/Saddle,M ,15.0,T ,,,500,17.3782,39.14,375,2017-03-03 10:01:36.827,2024-03-21 10:01:36.827
913,SE-R995,HL Road Seat/Saddle,H ,15.0,R ,,,500,23.3722,52.64,375,2018-11-23 10:01:36.827,2022-02-26 10:01:36.827
914,SE-T312,LL Touring Seat/Saddle,L ,15.0,T ,,,500,12.0413,27.12,375,2017-08-21 10:01:36.827,2025-09-10 10:01:36.827
915,SE-T762,ML Touring Seat/Saddle,M ,15.0,T ,,,500,17.3782,39.14,375,2018-02-22 10:01:36.827,2027-04-08 10:01:36.827
916,SE-T924,HL Touring Seat/Saddle,H ,15.0,T ,,,500,23.3722,52.64,375,2019-02-01 10:01:36.827,2023-11-27 10:01:36.827
917,FR-M21S-42,"LL Mountain Frame - Silver, 42",L ,12.0,M ,Silver,2.92,500,144.5938,264.05,375,2018-08-07 10:01:36.827,2023-06-20 10:01:36.827
918,FR-M21S-44,"LL Mountain Frame - Silver, 44",L ,12.0,M ,Silver,2.96,500,144.5938,264.05,375,2017-03-20 10:01:36.827,2026-07-06 10:01:36.827
919,FR-M21S-48,"LL Mountain Frame - Silver, 48",L ,12.0,M ,Silver,3.0,500,144.5938,264.05,375,2017-10-06 10:01:36.827,2025-09-12 10:01:36.827
920,FR-M21S-52,"LL Mountain Frame - Silver, 52",L ,12.0,M ,Silver,3.04,500,144.5938,264.05,375,2017-10-31 10:01:36.827,2026-05-21 10:01:36.827
921,TT-M928,Mountain Tire Tube,,37.0,M ,,,500,1.8663,4.99,375,2017-02-28 10:01:36.827,2022-09-06 10:01:36.827
922,TT-R982,Road Tire Tube,,37.0,R ,,,500,1.4923,3.99,375,2019-03-22 10:01:36.827,2025-02-11 10:01:36.827
923,TT-T092,Touring Tire Tube,,37.0,T ,,,500,1.8663,4.99,375,2017-08-29 10:01:36.827,2026-12-08 10:01:36.827
924,FR-M21B-42,"LL Mountain Frame - Black, 42",L ,12.0,M ,Black,2.92,500,136.785,249.79,375,2018-09-20 10:01:36.827,2025-11-23 10:01:36.827
925,FR-M21B-44,"LL Mountain Frame - Black, 44",L ,12.0,M ,Black,2.96,500,136.785,249.79,375,2018-08-25 10:01:36.827,2025-06-21 10:01:36.827
926,FR-M21B-48,"LL Mountain Frame - Black, 48",L ,12.0,M ,Black,3.0,500,136.785,249.79,375,2018-07-13 10:01:36.827,2026-08-11 10:01:36.827
927,FR-M21B-52,"LL Mountain Frame - Black, 52",L ,12.0,M ,Black,3.04,500,136.785,249.79,375,2018-08-28 10:01:36.827,2026-05-24 10:01:36.827
928,TI-M267,LL Mountain Tire,L ,37.0,M ,,,500,9.3463,24.99,375,2017-11-20 10:01:36.827,2025-10-19 10:01:36.827
929,TI-M602,ML Mountain Tire,M ,37.0,M ,,,500,11.2163,29.99,375,2019-04-25 10:01:36.827,2021-05-21 10:01:36.827
930,TI-M823,HL Mountain Tire,H ,37.0,M ,,,500,13.09,35.0,375,2017-05-03 10:01:36.827,2022-10-06 10:01:36.827
931,TI-R092,LL Road Tire,L ,37.0,R ,,,500,8.0373,21.49,375,2019-02-11 10:01:36.827,2023-01-08 10:01:36.827
932,TI-R628,ML Road Tire,M ,37.0,R ,,,500,9.3463,24.99,375,2018-11-09 10:01:36.827,2020-10-12 10:01:36.827
933,TI-R982,HL Road Tire,H ,37.0,R ,,,500,12.1924,32.6,375,2017-10-17 10:01:36.827,2024-06-24 10:01:36.827
934,TI-T723,Touring Tire,,37.0,T ,,,500,10.8423,28.99,375,2018-12-11 10:01:36.827,2026-11-13 10:01:36.827
935,PD-M282,LL Mountain Pedal,L ,13.0,M ,Silver/Black,218.0,500,17.9776,40.49,375,2018-07-17 10:01:36.827,2025-04-28 10:01:36.827
936,PD-M340,ML Mountain Pedal,M ,13.0,M ,Silver/Black,215.0,500,27.568,62.09,375,2018-10-01 10:01:36.827,2020-04-12 10:01:36.827
937,PD-M562,HL Mountain Pedal,H ,13.0,M ,Silver/Black,185.0,500,35.9596,80.99,375,2018-12-31 10:01:36.827,2024-08-25 10:01:36.827
938,PD-R347,LL Road Pedal,L ,13.0,R ,Silver/Black,189.0,500,17.9776,40.49,375,2018-10-22 10:01:36.827,2021-08-24 10:01:36.827
939,PD-R563,ML Road Pedal,M ,13.0,R ,Silver/Black,168.0,500,27.568,62.09,375,2016-11-22 10:01:36.827,2023-04-09 10:01:36.827
940,PD-R853,HL Road Pedal,H ,13.0,R ,Silver/Black,149.0,500,35.9596,80.99,375,2018-08-15 10:03:55.510,2024-02-24 10:03:55.510
941,PD-T852,Touring Pedal,,13.0,T ,Silver/Black,,500,35.9596,80.99,375,2017-06-07 10:01:36.827,2026-05-11 10:01:36.827
942,FR-M63S-38,"ML Mountain Frame-W - Silver, 38",M ,12.0,M ,Silver,2.73,500,199.3757,364.09,375,2018-06-05 10:01:36.827,2024-04-13 10:01:36.827
943,FR-M21B-40,"LL Mountain Frame - Black, 40",L ,12.0,M ,Black,2.88,500,136.785,249.79,375,2017-03-18 10:01:36.827,2026-04-08 10:01:36.827
944,FR-M21S-40,"LL Mountain Frame - Silver, 40",L ,12.0,M ,Silver,2.88,500,144.5938,264.05,375,2016-12-13 10:01:36.827,2024-10-10 10:01:36.827
945,FD-2342,Front Derailleur,,9.0,,Silver,88.0,500,40.6216,91.49,375,2018-03-16 10:01:36.827,2023-06-30 10:01:36.827
946,HB-T721,LL Touring Handlebars,L ,4.0,T ,,,500,20.464,46.09,375,2018-08-05 10:01:36.827,2026-11-18 10:01:36.827
947,HB-T928,HL Touring Handlebars,H ,4.0,T ,,,500,40.6571,91.57,375,2018-04-16 10:01:36.827,2025-12-19 10:01:36.827
948,FB-9873,Front Brakes,,6.0,,Silver,317.0,500,47.286,106.5,375,2017-04-23 10:01:36.827,2026-09-10 10:01:36.827
949,CS-4759,LL Crankset,L ,8.0,,Black,600.0,500,77.9176,175.49,375,2018-05-25 10:01:36.827,2026-05-28 10:01:36.827
950,CS-6583,ML Crankset,M ,8.0,,Black,635.0,500,113.8816,256.49,375,2017-05-27 10:01:36.827,2024-09-09 10:01:36.827
951,CS-9183,HL Crankset,H ,8.0,,Black,575.0,500,179.8156,404.99,375,2017-06-18 10:01:36.827,2027-08-13 10:01:36.827
952,CH-0234,Chain,,7.0,,Silver,,500,8.9866,20.24,375,2017-06-04 10:01:36.827,2025-04-16 10:01:36.827
953,BK-T44U-60,"Touring-2000 Blue, 60",M ,3.0,T ,Blue,27.9,100,755.1508,1214.85,75,2016-12-28 10:01:36.827,2022-03-16 10:01:36.827
954,BK-T79Y-46,"Touring-1000 Yellow, 46",H ,3.0,T ,Yellow,25.13,100,1481.9379,2384.07,75,2017-11-01 10:01:36.827,2024-04-26 10:01:36.827
955,BK-T79Y-50,"Touring-1000 Yellow, 50",H ,3.0,T ,Yellow,25.42,100,1481.9379,2384.07,75,2019-06-21 10:01:36.827,2020-05-11 10:01:36.827
956,BK-T79Y-54,"Touring-1000 Yellow, 54",H ,3.0,T ,Yellow,25.68,100,1481.9379,2384.07,75,2017-02-21 10:01:36.827,2026-05-15 10:01:36.827
957,BK-T79Y-60,"Touring-1000 Yellow, 60",H ,3.0,T ,Yellow,25.9,100,1481.9379,2384.07,75,2018-06-02 10:01:36.827,2022-05-13 10:01:36.827
958,BK-T18U-54,"Touring-3000 Blue, 54",L ,3.0,T ,Blue,29.68,100,461.4448,742.35,75,2019-05-11 10:01:36.827,2027-02-11 10:01:36.827
959,BK-T18U-58,"Touring-3000 Blue, 58",L ,3.0,T ,Blue,29.9,100,461.4448,742.35,75,2017-01-05 10:01:36.827,2026-07-03 10:01:36.827
960,BK-T18U-62,"Touring-3000 Blue, 62",L ,3.0,T ,Blue,30.0,100,461.4448,742.35,75,2018-07-07 10:01:36.827,2027-05-30 10:01:36.827
961,BK-T18Y-44,"Touring-3000 Yellow, 44",L ,3.0,T ,Yellow,28.77,100,461.4448,742.35,75,2017-03-06 10:01:36.827,2020-07-03 10:01:36.827
962,BK-T18Y-50,"Touring-3000 Yellow, 50",L ,3.0,T ,Yellow,29.13,100,461.4448,742.35,75,2017-07-12 10:01:36.827,2025-06-12 10:01:36.827
963,BK-T18Y-54,"Touring-3000 Yellow, 54",L ,3.0,T ,Yellow,29.42,100,461.4448,742.35,75,2019-05-22 10:01:36.827,2021-11-05 10:01:36.827
964,BK-T18Y-58,"Touring-3000 Yellow, 58",L ,3.0,T ,Yellow,29.79,100,461.4448,742.35,75,2017-04-30 10:01:36.827,2026-05-20 10:01:36.827
965,BK-T18Y-62,"Touring-3000 Yellow, 62",L ,3.0,T ,Yellow,30.0,100,461.4448,742.35,75,2019-05-04 10:01:36.827,2021-03-19 10:01:36.827
966,BK-T79U-46,"Touring-1000 Blue, 46",H ,3.0,T ,Blue,25.13,100,1481.9379,2384.07,75,2019-06-04 10:01:36.827,2020-11-11 10:01:36.827
967,BK-T79U-50,"Touring-1000 Blue, 50",H ,3.0,T ,Blue,25.42,100,1481.9379,2384.07,75,2019-07-20 10:01:36.827,2021-01-20 10:01:36.827
968,BK-T79U-54,"Touring-1000 Blue, 54",H ,3.0,T ,Blue,25.68,100,1481.9379,2384.07,75,2017-02-18 10:01:36.827,2024-03-29 10:01:36.827
969,BK-T79U-60,"Touring-1000 Blue, 60",H ,3.0,T ,Blue,25.9,100,1481.9379,2384.07,75,2017-09-13 10:01:36.827,2023-11-30 10:01:36.827
970,BK-T44U-46,"Touring-2000 Blue, 46",M ,3.0,T ,Blue,27.13,100,755.1508,1214.85,75,2019-03-08 10:01:36.827,2027-03-04 10:01:36.827
971,BK-T44U-50,"Touring-2000 Blue, 50",M ,3.0,T ,Blue,27.42,100,755.1508,1214.85,75,2018-06-06 10:01:36.827,2022-05-22 10:01:36.827
972,BK-T44U-54,"Touring-2000 Blue, 54",M ,3.0,T ,Blue,27.68,100,755.1508,1214.85,75,2019-05-21 10:01:36.827,2022-12-13 10:01:36.827
973,BK-R79Y-40,"Road-350-W Yellow, 40",M ,2.0,R ,Yellow,15.35,100,1082.51,1700.99,75,2017-09-21 10:01:36.827,2024-06-27 10:01:36.827
974,BK-R79Y-42,"Road-350-W Yellow, 42",M ,2.0,R ,Yellow,15.77,100,1082.51,1700.99,75,2017-02-04 10:01:36.827,2021-09-24 10:01:36.827
975,BK-R79Y-44,"Road-350-W Yellow, 44",M ,2.0,R ,Yellow,16.13,100,1082.51,1700.99,75,2019-07-06 10:01:36.827,2020-04-24 10:01:36.827
976,BK-R79Y-48,"Road-350-W Yellow, 48",M ,2.0,R ,Yellow,16.42,100,1082.51,1700.99,75,2019-04-01 10:01:36.827,2025-03-09 10:01:36.827
977,BK-R19B-58,"Road-750 Black, 58",L ,2.0,R ,Black,20.79,100,343.6496,539.99,75,2018-03-16 10:01:36.827,2026-10-07 10:01:36.827
978,BK-T18U-44,"Touring-3000 Blue, 44",L ,3.0,T ,Blue,28.77,100,461.4448,742.35,75,2018-09-19 10:01:36.827,2024-07-30 10:01:36.827
979,BK-T18U-50,"Touring-3000 Blue, 50",L ,3.0,T ,Blue,29.13,100,461.4448,742.35,75,2017-03-28 10:01:36.827,2021-08-03 10:01:36.827
980,BK-M38S-38,"Mountain-400-W Silver, 38",M ,1.0,M ,Silver,26.35,100,419.7784,769.49,75,2018-02-18 10:01:36.827,2026-07-06 10:01:36.827
981,BK-M38S-40,"Mountain-400-W Silver, 40",M ,1.0,M ,Silver,26.77,100,419.7784,769.49,75,2019-06-03 10:01:36.827,2024-11-16 10:01:36.827
982,BK-M38S-42,"Mountain-400-W Silver, 42",M ,1.0,M ,Silver,27.13,100,419.7784,769.49,75,2018-12-16 10:01:36.827,2025-10-05 10:01:36.827
983,BK-M38S-46,"Mountain-400-W Silver, 46",M ,1.0,M ,Silver,27.42,100,419.7784,769.49,75,2017-11-01 10:01:36.827,2027-05-06 10:01:36.827
984,BK-M18S-40,"Mountain-500 Silver, 40",L ,1.0,M ,Silver,27.35,100,308.2179,564.99,75,2018-10-16 10:01:36.827,2020-11-04 10:01:36.827
985,BK-M18S-42,"Mountain-500 Silver, 42",L ,1.0,M ,Silver,27.77,100,308.2179,564.99,75,2018-03-03 10:01:36.827,2021-12-24 10:01:36.827
986,BK-M18S-44,"Mountain-500 Silver, 44",L ,1.0,M ,Silver,28.13,100,308.2179,564.99,75,2018-02-23 10:01:36.827,2021-04-04 10:01:36.827
987,BK-M18S-48,"Mountain-500 Silver, 48",L ,1.0,M ,Silver,28.42,100,308.2179,564.99,75,2019-02-11 10:01:36.827,2023-02-02 10:01:36.827
988,BK-M18S-52,"Mountain-500 Silver, 52",L ,1.0,M ,Silver,28.68,100,308.2179,564.99,75,2019-04-15 10:01:36.827,2025-06-09 10:01:36.827
989,BK-M18B-40,"Mountain-500 Black, 40",L ,1.0,M ,Black,27.35,100,294.5797,539.99,75,2019-02-16 10:01:36.827,2023-07-24 10:01:36.827
990,BK-M18B-42,"Mountain-500 Black, 42",L ,1.0,M ,Black,27.77,100,294.5797,539.99,75,2017-07-02 10:01:36.827,2027-09-06 10:01:36.827
991,BK-M18B-44,"Mountain-500 Black, 44",L ,1.0,M ,Black,28.13,100,294.5797,539.99,75,2018-12-11 10:01:36.827,2022-02-05 10:01:36.827
992,BK-M18B-48,"Mountain-500 Black, 48",L ,1.0,M ,Black,28.42,100,294.5797,539.99,75,2018-01-17 10:01:36.827,2025-05-03 10:01:36.827
993,BK-M18B-52,"Mountain-500 Black, 52",L ,1.0,M ,Black,28.68,100,294.5797,539.99,75,2019-07-25 10:01:36.827,2026-06-11 10:01:36.827
994,BB-7421,LL Bottom Bracket,L ,5.0,,,223.0,500,23.9716,53.99,375,2017-12-13 10:01:36.827,2023-01-27 10:01:36.827
995,BB-8107,ML Bottom Bracket,M ,5.0,,,168.0,500,44.9506,101.24,375,2018-12-05 10:01:36.827,2025-07-07 10:01:36.827
996,BB-9108,HL Bottom Bracket,H ,5.0,,,170.0,500,53.9416,121.49,375,2017-09-20 10:01:36.827,2024-05-23 10:01:36.827
997,BK-R19B-44,"Road-750 Black, 44",L ,2.0,R ,Black,19.77,100,343.6496,539.99,75,2017-01-05 10:01:36.827,2020-07-05 10:01:36.827
998,BK-R19B-48,"Road-750 Black, 48",L ,2.0,R ,Black,20.13,100,343.6496,539.99,75,2017-12-28 10:01:36.827,2024-01-29 10:01:36.827
999,BK-R19B-52,"Road-750 Black, 52",L ,2.0,R ,Black,20.42,100,343.6496,539.99,75,2019-05-23 10:01:36.827,2022-09-07 10:01:36.827
